PRS_NAT;FLT_REM_MNT;FLT_PAI_MNT;RAC
Pharmacie;32184157634.0543;36733977250.73584;4549819616.668567
Dentaire;3766509305.5799193;12178854443.6602;8412345138.079818
Optique;97940363.03999962;6787203692.080199;6689263329.039083
Hospitalisation;16896646318.53941;21513086401.789078;4616440083.250131
Auditif;416771381.2699999;1972262253.6299982;1555490872.3599985