PRS_NAT;FLT_REM_MNT;FLT_PAI_MNT;RAC
Hospitalisation;17943890606.51976;23070888034.599617;5126997428.080091
Optique;101243861.77999951;7180493625.250217;7079249763.468967
Pharmacie;32054792129.75751;36726728602.895386;4671936473.128644
Dentaire;4010679408.819925;12839588184.330078;8828908775.509834
Auditif;422768476.8799998;1965124188.4699953;1542355711.5899959