PRS_NAT;FLT_REM_MNT;FLT_PAI_MNT;RAC
Hospitalisation;15873782911.4503;20260667107.070484;4386884195.620031
Dentaire;3702672516.9901547;13095331804.890085;9392659287.900152
Pharmacie;33864695412.15151;38707553844.99062;4842858432.828759
Optique;116159544.31999925;7457962676.950225;7341803132.628867
Auditif;415219783.9699998;1959908264.8099906;1544688480.839992